mean,sd
18.57998759561712,7.366553871348402