mean,sd
19.073854317414376,7.6222143612965905