mean,sd
18.85949697038985,8.107400699713367