mean,sd
19.082757907794086,7.630129049989608