mean,sd
18.189000086273833,8.167124901441941