mean,sd
18.113637929846323,7.672051263913951