mean,sd
19.039100405767073,7.7263927410638855