mean,sd
19.073636092159973,7.622393992608462