mean,sd
18.858470747359636,8.14652633750607