mean,sd
18.184097404824513,8.185904352093445